group_id,n,coef,ci.lower,ci.upper,y,y_hat,total_score,s
0.0.0.0.0.0.0.0.0,181,0.1264506486713626,0.06341264874742279,0.19628675834596424,0.02209944751381219,0.585635359116022,0,0
0.333333333333333.0.0.0.0.0.0.0.0,37,0.15601529024770314,0.06432932609816865,0.3065505127001997,0.08108108108108107,0.7837837837837838,2,0
0.5.0.0.0.0.0.0.0.0,27,0.13483997249264842,0,0.29465832531331815,0.07407407407407407,0.8148148148148148,3,0
0.666666666666667.0.0.0.0.0.0.0.0,33,0.09433332612731565,0,0.21068855233865616,0.060606060606060635,0.8787878787878788,4,0
1.0.0.0.0.0.0.0.0,1,0,0,0,0,1,6,NA
0.0.166666666666667.0.0.0.0.0.0.0,70,0.22566773346211003,0.1442339881184422,0.3410621262159126,0.09999999999999995,0.6857142857142857,1,0
0.333333333333333.0.166666666666667.0.0.0.0.0.0.0,23,0.27777777777777773,0.12963814671656554,0.5046083923495819,0.21739130434782608,0.782608695652174,3,0
0.5.0.166666666666667.0.0.0.0.0.0.0,20,-0.1454785934906616,-0.6882472016116854,0.2182178902359924,0.3,0.9,4,0
0.666666666666667.0.166666666666667.0.0.0.0.0.0.0,33,0.11744404390294068,0,0.22255444880071396,0.0909090909090909,0.8787878787878788,5,0
0.1.0.0.0.0.0.0.0,50,0.4257775824390034,0.22993799969077083,0.6173691499345136,0.6199999999999999,0.9,6,0
0.333333333333333.1.0.0.0.0.0.0.0,19,0.5096471914376256,0.24845199749997662,0.7966275068156915,0.42105263157894735,0.7368421052631579,8,0
0.5.1.0.0.0.0.0.0.0,25,0,0,0,0.72,1,9,0
0.666666666666667.1.0.0.0.0.0.0.0,42,0.4281744192888376,0,0.7938860084037531,0.7857142857142858,0.9523809523809523,10,0
1.1.0.0.0.0.0.0.0,3,0,0,0,1,1,12,0
0.0.0.333333333333333.0.0.0.0.0.0,22,0,0,0,0,0.5909090909090909,1,0
0.333333333333333.0.0.333333333333333.0.0.0.0.0.0,2,0,0,0,0,0.5,3,0
0.5.0.0.333333333333333.0.0.0.0.0.0,1,0,0,0,0,0,4,NA
0.666666666666667.0.0.333333333333333.0.0.0.0.0.0,3,0.5,0,1,0.33333333333333337,0.6666666666666666,5,0
0.0.166666666666667.0.333333333333333.0.0.0.0.0.0,9,0.2857142857142857,0,0.6324555320336759,0.2222222222222222,0.7777777777777778,2,0
0.333333333333333.0.166666666666667.0.333333333333333.0.0.0.0.0.0,3,0,0,0,0.33333333333333337,1,4,0
0.5.0.166666666666667.0.333333333333333.0.0.0.0.0.0,5,-0.40824829046386296,-1.0000000000000002,0,0.6,0.8,5,0
0.666666666666667.0.166666666666667.0.333333333333333.0.0.0.0.0.0,3,0,0,0,0,1,6,0
1.0.166666666666667.0.333333333333333.0.0.0.0.0.0,1,0,0,0,0,1,8,NA
0.1.0.333333333333333.0.0.0.0.0.0,10,0.6666666666666666,0,1.0000000000000002,0.8,0.9,7,0
0.333333333333333.1.0.333333333333333.0.0.0.0.0.0,4,0,0,0,1,1,9,0
0.666666666666667.1.0.333333333333333.0.0.0.0.0.0,9,0.6614378277661476,0,1,0.7777777777777778,0.8888888888888888,11,0
0.0.0.666666666666667.0.0.0.0.0.0,5,0.40824829046386296,0,1.0000000000000002,0.2,0.6,2,0
0.333333333333333.0.0.666666666666667.0.0.0.0.0.0,2,0,0,0,0,0,4,0
0.5.0.0.666666666666667.0.0.0.0.0.0,1,0,0,0,0,1,5,NA
0.666666666666667.0.0.666666666666667.0.0.0.0.0.0,2,0,0,0,0.5,1,6,0
1.0.0.666666666666667.0.0.0.0.0.0,1,0,0,0,1,1,8,NA
0.0.166666666666667.0.666666666666667.0.0.0.0.0.0,4,0,0,0,0.25,1,3,0
0.333333333333333.0.166666666666667.0.666666666666667.0.0.0.0.0.0,1,0,0,0,0,1,5,NA
0.5.0.166666666666667.0.666666666666667.0.0.0.0.0.0,1,0,0,0,1,1,6,NA
0.666666666666667.0.166666666666667.0.666666666666667.0.0.0.0.0.0,1,0,0,0,1,1,7,NA
0.1.0.666666666666667.0.0.0.0.0.0,6,0.6324555320336759,0,1.0000000000000002,0.6666666666666666,0.8333333333333334,8,0
0.333333333333333.1.0.666666666666667.0.0.0.0.0.0,1,0,0,0,1,1,10,NA
0.666666666666667.1.0.666666666666667.0.0.0.0.0.0,8,0,0,0,0.875,1,12,0
1.1.0.666666666666667.0.0.0.0.0.0,1,0,0,0,1,1,14,NA
0.0.1.0.0.0.0.0.0,1,0,0,0,0,1,3,NA
0.0.166666666666667.1.0.0.0.0.0.0,1,0,0,0,0,1,4,NA
0.666666666666667.0.166666666666667.1.0.0.0.0.0.0,3,0.5,0,1,0.33333333333333337,0.6666666666666666,8,0
0.333333333333333.1.1.0.0.0.0.0.0,1,0,0,0,1,1,11,NA
0.5.1.1.0.0.0.0.0.0,1,0,0,0,1,1,12,NA
0.666666666666667.1.1.0.0.0.0.0.0,1,0,0,0,1,1,13,NA
0.0.0.1.0.0.0.0.0,32,0,0,0,0,0.78125,1,0
0.333333333333333.0.0.1.0.0.0.0.0,5,0,0,0,0,0.8,3,0
0.5.0.0.1.0.0.0.0.0,1,0,0,0,0,0,4,NA
0.666666666666667.0.0.1.0.0.0.0.0,5,0,0,0,0,1,5,0
1.0.0.1.0.0.0.0.0,1,0,0,0,1,1,7,NA
0.0.166666666666667.0.1.0.0.0.0.0,13,0.12309149097933275,0,0.337099931231621,0.07692307692307694,0.8461538461538461,2,0
0.333333333333333.0.166666666666667.0.1.0.0.0.0.0,2,0,0,0,0,1,4,0
0.5.0.166666666666667.0.1.0.0.0.0.0,1,0,0,0,0,1,5,NA
0.666666666666667.0.166666666666667.0.1.0.0.0.0.0,4,0,0,0,0.75,1,6,0
1.0.166666666666667.0.1.0.0.0.0.0,1,0,0,0,1,1,8,NA
0.1.0.1.0.0.0.0.0,4,0,0,0,0.5,1,7,0
0.333333333333333.1.0.1.0.0.0.0.0,3,0,0,0,1,1,9,0
0.5.1.0.1.0.0.0.0.0,1,0,0,0,0,1,10,NA
0.666666666666667.1.0.1.0.0.0.0.0,6,0,0,0,0.5,1,11,0
1.1.0.1.0.0.0.0.0,2,0,0,0,1,1,13,0
0.0.0.333333333333333.1.0.0.0.0.0,2,0,0,0,0,1,2,0
0.666666666666667.0.0.333333333333333.1.0.0.0.0.0,1,0,0,0,0,1,6,NA
0.0.166666666666667.0.333333333333333.1.0.0.0.0.0,3,0,0,0,0,1,3,0
0.5.0.166666666666667.0.333333333333333.1.0.0.0.0.0,2,0,0,0,0.5,1,6,0
0.666666666666667.0.166666666666667.0.333333333333333.1.0.0.0.0.0,1,0,0,0,1,1,7,NA
0.1.0.333333333333333.1.0.0.0.0.0,1,0,0,0,1,1,8,NA
0.666666666666667.1.0.333333333333333.1.0.0.0.0.0,1,0,0,0,1,1,12,NA
0.0.0.666666666666667.1.0.0.0.0.0,1,0,0,0,0,1,3,NA
0.666666666666667.0.166666666666667.0.666666666666667.1.0.0.0.0.0,1,0,0,0,1,1,8,NA
0.666666666666667.1.0.666666666666667.1.0.0.0.0.0,1,0,0,0,1,1,13,NA
1.1.0.666666666666667.1.0.0.0.0.0,1,0,0,0,1,1,15,NA
0.666666666666667.0.1.1.0.0.0.0.0,1,0,0,0,1,1,8,NA
1.0.166666666666667.1.1.0.0.0.0.0,1,0,0,0,1,1,11,NA
0.0.0.0.1.0.0.0.0,7,0,0,0,0,0.5714285714285714,2,0
0.333333333333333.0.0.0.1.0.0.0.0,4,0,0,0,0,1,4,0
0.5.0.0.0.1.0.0.0.0,1,0,0,0,0,1,5,NA
0.666666666666667.0.0.0.1.0.0.0.0,6,0,0,0,0,0.8333333333333334,6,0
1.0.0.0.1.0.0.0.0,1,0,0,0,0,1,8,NA
0.0.166666666666667.0.0.1.0.0.0.0,2,0,0,0,0.5,1,3,0
0.333333333333333.0.166666666666667.0.0.1.0.0.0.0,2,0,0,0,0.5,1,5,0
0.5.0.166666666666667.0.0.1.0.0.0.0,4,0.33333333333333337,0,1.0000000000000002,0.25,0.75,6,0
0.666666666666667.0.166666666666667.0.0.1.0.0.0.0,8,0.14285714285714285,0,0.6,0.125,0.875,7,0
1.0.166666666666667.0.0.1.0.0.0.0,1,0,0,0,1,1,9,NA
0.1.0.0.1.0.0.0.0,6,0,0,0,0.33333333333333337,1,8,0
0.333333333333333.1.0.0.1.0.0.0.0,1,0,0,0,1,1,10,NA
0.5.1.0.0.1.0.0.0.0,5,0,0,0,0.4,1,11,0
0.666666666666667.1.0.0.1.0.0.0.0,19,0,0,0,0.7368421052631579,1,12,0
1.1.0.0.1.0.0.0.0,1,0,0,0,0,1,14,NA
0.0.0.333333333333333.0.1.0.0.0.0,1,0,0,0,0,1,3,NA
0.666666666666667.0.0.333333333333333.0.1.0.0.0.0,3,0,0,0,0.33333333333333337,1,7,0
0.0.166666666666667.0.333333333333333.0.1.0.0.0.0,2,0,0,0,0,1,4,0
0.333333333333333.0.166666666666667.0.333333333333333.0.1.0.0.0.0,2,0,0,0,0.5,1,6,0
0.666666666666667.0.166666666666667.0.333333333333333.0.1.0.0.0.0,3,0,0,0,1,1,8,0
0.1.0.333333333333333.0.1.0.0.0.0,1,0,0,0,1,1,9,NA
0.5.1.0.333333333333333.0.1.0.0.0.0,1,0,0,0,1,1,12,NA
0.666666666666667.1.0.333333333333333.0.1.0.0.0.0,7,0,0,0,0.7142857142857143,1,13,0
1.1.0.333333333333333.0.1.0.0.0.0,2,0,0,0,1,1,15,0
0.333333333333333.0.166666666666667.0.666666666666667.0.1.0.0.0.0,1,0,0,0,0,1,7,NA
0.666666666666667.1.0.666666666666667.0.1.0.0.0.0,2,0,0,0,1,1,14,0
0.5.0.166666666666667.1.0.1.0.0.0.0,1,0,0,0,1,1,9,NA
0.666666666666667.1.1.0.1.0.0.0.0,1,0,0,0,1,1,15,NA
0.666666666666667.0.0.1.1.0.0.0.0,1,0,0,0,0,1,7,NA
1.0.0.1.1.0.0.0.0,1,0,0,0,0,1,9,NA
0.0.166666666666667.0.1.1.0.0.0.0,2,0,0,0,0.5,1,4,0
0.666666666666667.0.166666666666667.0.1.1.0.0.0.0,1,0,0,0,1,1,8,NA
0.333333333333333.1.0.1.1.0.0.0.0,1,0,0,0,1,1,11,NA
0.666666666666667.1.0.1.1.0.0.0.0,1,0,0,0,0,1,13,NA
0.0.0.333333333333333.1.1.0.0.0.0,1,0,0,0,0,1,4,NA
0.5.0.0.333333333333333.1.1.0.0.0.0,1,0,0,0,0,1,7,NA
0.5.1.0.333333333333333.1.1.0.0.0.0,1,0,0,0,1,1,13,NA
0.666666666666667.1.1.1.1.0.0.0.0,1,0,0,0,1,1,16,NA
0.0.0.0.0.1.0.0.0,14,0.07692307692307693,0,0.3302891295379081,0.07142857142857144,0.9285714285714286,2,0
0.333333333333333.0.0.0.0.1.0.0.0,2,0,0,0,0,1,4,0
0.5.0.0.0.0.1.0.0.0,1,0,0,0,0,1,5,NA
0.0.166666666666667.0.0.0.1.0.0.0,8,0,0,0,0,0.625,3,0
0.333333333333333.0.166666666666667.0.0.0.1.0.0.0,1,0,0,0,0,1,5,NA
0.666666666666667.0.166666666666667.0.0.0.1.0.0.0,1,0,0,0,1,1,7,NA
0.1.0.0.0.1.0.0.0,7,0,0,0,0.5714285714285714,1,8,0
0.333333333333333.1.0.0.0.1.0.0.0,4,0,0,0,1,1,10,0
0.5.1.0.0.0.1.0.0.0,3,0,0,0,1,1,11,0
0.666666666666667.1.0.0.0.1.0.0.0,7,0,0,0,0.8571428571428571,1,12,0
1.1.0.0.0.1.0.0.0,1,0,0,0,1,1,14,NA
0.0.0.333333333333333.0.0.1.0.0.0,2,0,0,0,1,1,3,0
0.0.166666666666667.0.333333333333333.0.0.1.0.0.0,3,0,0,0,0.33333333333333337,1,4,0
0.1.0.333333333333333.0.0.1.0.0.0,3,0,0,0,0.6666666666666666,1,9,0
0.5.1.0.333333333333333.0.0.1.0.0.0,1,0,0,0,1,1,12,NA
0.0.166666666666667.0.666666666666667.0.0.1.0.0.0,1,0,0,0,0,1,5,NA
0.5.1.0.666666666666667.0.0.1.0.0.0,1,0,0,0,1,1,13,NA
0.666666666666667.1.0.666666666666667.0.0.1.0.0.0,1,0,0,0,1,1,14,NA
0.1.1.0.0.1.0.0.0,1,0,0,0,1,1,11,NA
0.666666666666667.1.1.0.0.1.0.0.0,2,0,0,0,1,1,15,0
0.666666666666667.0.0.1.0.1.0.0.0,1,0,0,0,0,1,7,NA
0.0.166666666666667.0.1.0.1.0.0.0,3,0,0,0,0.33333333333333337,1,4,0
0.1.0.1.0.1.0.0.0,6,0,0,0,0.8333333333333334,1,9,0
0.5.1.0.1.0.1.0.0.0,1,0,0,0,1,1,12,NA
0.666666666666667.1.0.1.0.1.0.0.0,1,0,0,0,1,1,13,NA
0.1.0.333333333333333.1.0.1.0.0.0,4,0,0,0,1,1,10,0
0.666666666666667.1.0.333333333333333.1.0.1.0.0.0,1,0,0,0,1,1,14,NA
0.0.166666666666667.0.666666666666667.1.0.1.0.0.0,1,0,0,0,1,1,6,NA
0.666666666666667.1.0.666666666666667.1.0.1.0.0.0,1,0,0,0,1,1,15,NA
0.333333333333333.0.166666666666667.0.0.1.1.0.0.0,1,0,0,0,0,1,7,NA
0.666666666666667.1.0.0.1.1.0.0.0,3,0,0,0,0.6666666666666666,1,14,0
0.666666666666667.0.166666666666667.0.333333333333333.0.1.1.0.0.0,1,0,0,0,0,1,10,NA
0.0.166666666666667.0.1.1.1.0.0.0,1,0,0,0,0,1,6,NA
0.666666666666667.1.0.1.1.1.0.0.0,1,0,0,0,1,1,15,NA
0.0.0.0.0.0.1.0.0,19,0.22360679774997896,0,0.5689593507590975,0.05263157894736844,0.5263157894736842,1,0
0.333333333333333.0.0.0.0.0.1.0.0,5,0,0,0,0,0.8,3,0
0.5.0.0.0.0.0.1.0.0,1,0,0,0,0,1,4,NA
0.666666666666667.0.0.0.0.0.1.0.0,4,0,0,0,0,0.75,5,0
0.0.166666666666667.0.0.0.0.1.0.0,14,0,0,0,0,0.6428571428571428,2,0
0.333333333333333.0.166666666666667.0.0.0.0.1.0.0,5,0,0,0,0.2,1,4,0
0.5.0.166666666666667.0.0.0.0.1.0.0,7,0,0,0,0.14285714285714288,1,5,0
0.666666666666667.0.166666666666667.0.0.0.0.1.0.0,11,0.3563483225498992,0,0.6900655593423543,0.36363636363636365,0.8181818181818182,6,0
1.0.166666666666667.0.0.0.0.1.0.0,1,0,0,0,0,1,8,NA
0.1.0.0.0.0.1.0.0,16,0.5374838498865699,0,1,0.8125,0.9375,7,0
0.333333333333333.1.0.0.0.0.1.0.0,13,0.46056618647183833,0,0.8539125638299666,0.5384615384615384,0.8461538461538461,9,0
0.5.1.0.0.0.0.1.0.0,5,0,0,0,1,1,10,0
0.666666666666667.1.0.0.0.0.1.0.0,46,0,0,0,0.8043478260869565,1,11,0
1.1.0.0.0.0.1.0.0,9,0,0,0,0.8888888888888888,1,13,0
0.5.0.0.333333333333333.0.0.0.1.0.0,1,0,0,0,0,1,5,NA
0.0.166666666666667.0.333333333333333.0.0.0.1.0.0,4,0.5773502691896258,0,1.0000000000000002,0.25,0.5,3,0
0.5.0.166666666666667.0.333333333333333.0.0.0.1.0.0,3,0,0,0,0,0.33333333333333337,6,0
0.666666666666667.0.166666666666667.0.333333333333333.0.0.0.1.0.0,4,0,0,0,0.25,1,7,0
0.1.0.333333333333333.0.0.0.1.0.0,3,0,0,0,0.6666666666666666,1,8,0
0.333333333333333.1.0.333333333333333.0.0.0.1.0.0,1,0,0,0,1,1,10,NA
0.5.1.0.333333333333333.0.0.0.1.0.0,3,0,0,0,1,1,11,0
0.666666666666667.1.0.333333333333333.0.0.0.1.0.0,4,0,0,0,1,1,12,0
0.5.0.0.666666666666667.0.0.0.1.0.0,1,0,0,0,1,1,6,NA
0.666666666666667.0.166666666666667.0.666666666666667.0.0.0.1.0.0,1,0,0,0,0,1,8,NA
0.666666666666667.1.0.666666666666667.0.0.0.1.0.0,4,0,0,0,1,1,13,0
1.1.0.666666666666667.0.0.0.1.0.0,2,0,0,0,1,1,15,0
0.666666666666667.0.1.0.0.0.1.0.0,1,0,0,0,1,1,8,NA
1.0.1.0.0.0.1.0.0,1,0,0,0,1,1,10,NA
0.666666666666667.1.1.0.0.0.1.0.0,2,0,0,0,1,1,14,0
1.1.1.0.0.0.1.0.0,1,0,0,0,1,1,16,NA
0.0.0.1.0.0.1.0.0,2,0,0,0,0,1,2,0
0.333333333333333.0.0.1.0.0.1.0.0,2,0,0,0,0.5,1,4,0
0.666666666666667.0.0.1.0.0.1.0.0,1,0,0,0,0,1,6,NA
1.0.0.1.0.0.1.0.0,1,0,0,0,1,1,8,NA
0.0.166666666666667.0.1.0.0.1.0.0,1,0,0,0,0,1,3,NA
0.333333333333333.0.166666666666667.0.1.0.0.1.0.0,1,0,0,0,0,1,5,NA
0.5.0.166666666666667.0.1.0.0.1.0.0,1,0,0,0,0,1,6,NA
0.666666666666667.0.166666666666667.0.1.0.0.1.0.0,2,0,0,0,0.5,1,7,0
0.1.0.1.0.0.1.0.0,1,0,0,0,1,1,8,NA
0.333333333333333.1.0.1.0.0.1.0.0,2,0,0,0,0.5,1,10,0
0.5.1.0.1.0.0.1.0.0,2,0,0,0,1,1,11,0
0.666666666666667.1.0.1.0.0.1.0.0,3,0,0,0,1,1,12,0
1.1.0.1.0.0.1.0.0,2,0,0,0,1,1,14,0
0.5.1.0.333333333333333.1.0.0.1.0.0,1,0,0,0,1,1,12,NA
0.666666666666667.1.0.333333333333333.1.0.0.1.0.0,2,0,0,0,1,1,13,0
0.666666666666667.0.0.666666666666667.1.0.0.1.0.0,1,0,0,0,1,1,8,NA
0.666666666666667.0.166666666666667.0.666666666666667.1.0.0.1.0.0,2,0,0,0,0.5,1,9,0
0.1.0.666666666666667.1.0.0.1.0.0,1,0,0,0,0,1,10,NA
0.666666666666667.1.0.666666666666667.1.0.0.1.0.0,1,0,0,0,1,1,14,NA
0.1.1.1.0.0.1.0.0,1,0,0,0,1,1,11,NA
0.5.1.1.1.0.0.1.0.0,1,0,0,0,1,1,14,NA
0.0.0.0.1.0.1.0.0,1,0,0,0,0,1,3,NA
0.333333333333333.0.0.0.1.0.1.0.0,4,0,0,0,0,1,5,0
0.666666666666667.0.0.0.1.0.1.0.0,1,0,0,0,1,1,7,NA
0.0.166666666666667.0.0.1.0.1.0.0,6,0.31622776601683794,0,0.7071067811865476,0.33333333333333337,0.8333333333333334,4,0
0.5.0.166666666666667.0.0.1.0.1.0.0,2,0,0,0,0.5,1,7,0
0.666666666666667.0.166666666666667.0.0.1.0.1.0.0,2,0,0,0,0.5,1,8,0
1.0.166666666666667.0.0.1.0.1.0.0,1,0,0,0,1,1,10,NA
0.1.0.0.1.0.1.0.0,5,0,0,0,0.2,1,9,0
0.333333333333333.1.0.0.1.0.1.0.0,1,0,0,0,1,1,11,NA
0.666666666666667.1.0.0.1.0.1.0.0,10,0,0,0,0.8,1,13,0
1.1.0.0.1.0.1.0.0,7,0,0,0,1,1,15,0
0.666666666666667.0.0.333333333333333.0.1.0.1.0.0,1,0,0,0,0,1,8,NA
0.666666666666667.0.166666666666667.0.333333333333333.0.1.0.1.0.0,1,0,0,0,1,1,9,NA
0.666666666666667.1.0.333333333333333.0.1.0.1.0.0,3,0,0,0,1,1,14,0
1.1.0.333333333333333.0.1.0.1.0.0,2,0,0,0,1,1,16,0
0.666666666666667.1.0.666666666666667.0.1.0.1.0.0,1,0,0,0,1,1,15,NA
0.666666666666667.1.1.0.1.0.1.0.0,2,0,0,0,1,1,16,0
1.1.1.0.1.0.1.0.0,1,0,0,0,1,1,18,NA
0.666666666666667.1.0.1.1.0.1.0.0,5,0,0,0,1,1,14,0
1.1.0.1.1.0.1.0.0,1,0,0,0,1,1,16,NA
0.666666666666667.1.1.1.1.0.1.0.0,2,0,0,0,1,1,17,0
0.0.0.0.0.1.1.0.0,4,0,0,0,0,0.5,3,0
0.666666666666667.0.0.0.0.1.1.0.0,3,0,0,0,0.33333333333333337,1,7,0
0.666666666666667.0.166666666666667.0.0.0.1.1.0.0,1,0,0,0,0,1,8,NA
0.1.0.0.0.1.1.0.0,7,0,0,0,0.42857142857142855,1,9,0
0.333333333333333.1.0.0.0.1.1.0.0,2,0,0,0,1,1,11,0
0.5.1.0.0.0.1.1.0.0,2,0,0,0,1,1,12,0
0.666666666666667.1.0.0.0.1.1.0.0,7,0,0,0,1,1,13,0
0.0.166666666666667.0.333333333333333.0.0.1.1.0.0,1,0,0,0,0,1,5,NA
0.333333333333333.0.166666666666667.0.333333333333333.0.0.1.1.0.0,1,0,0,0,0,1,7,NA
0.5.1.0.333333333333333.0.0.1.1.0.0,2,0,0,0,1,1,13,0
0.666666666666667.1.0.333333333333333.0.0.1.1.0.0,2,0,0,0,1,1,14,0
1.1.0.333333333333333.0.0.1.1.0.0,1,0,0,0,1,1,16,NA
0.666666666666667.0.0.666666666666667.0.0.1.1.0.0,1,0,0,0,0,1,9,NA
0.1.0.666666666666667.0.0.1.1.0.0,1,0,0,0,1,1,11,NA
0.0.0.1.0.1.1.0.0,1,0,0,0,1,1,4,NA
0.0.166666666666667.0.1.0.1.1.0.0,1,0,0,0,0,1,5,NA
0.666666666666667.0.166666666666667.0.1.0.1.1.0.0,1,0,0,0,1,1,9,NA
0.1.0.1.0.1.1.0.0,2,0,0,0,1,1,10,0
0.333333333333333.1.0.1.0.1.1.0.0,2,0,0,0,1,1,12,0
0.666666666666667.1.0.1.0.1.1.0.0,2,0,0,0,1,1,14,0
1.1.0.1.0.1.1.0.0,1,0,0,0,1,1,16,NA
0.333333333333333.1.0.333333333333333.1.0.1.1.0.0,2,0,0,0,1,1,13,0
0.5.1.0.333333333333333.1.0.1.1.0.0,1,0,0,0,1,1,14,NA
0.666666666666667.1.0.333333333333333.1.0.1.1.0.0,1,0,0,0,1,1,15,NA
0.1.0.666666666666667.1.0.1.1.0.0,1,0,0,0,1,1,12,NA
0.666666666666667.1.1.1.0.1.1.0.0,1,0,0,0,1,1,17,NA
0.666666666666667.1.0.0.1.1.1.0.0,3,0,0,0,0.6666666666666666,1,15,0
1.1.0.0.1.1.1.0.0,1,0,0,0,1,1,17,NA
0.0.0.0.0.0.0.1.0,2,0,0,0,0,1,2,0
0.333333333333333.0.0.0.0.0.0.1.0,1,0,0,0,0,1,4,NA
0.5.0.0.0.0.0.0.1.0,1,0,0,0,1,1,5,NA
0.666666666666667.0.0.0.0.0.0.1.0,1,0,0,0,0,1,6,NA
0.0.166666666666667.0.0.0.0.0.1.0,3,0,0,0,0.33333333333333337,1,3,0
0.5.0.166666666666667.0.0.0.0.0.1.0,2,0,0,0,0.5,1,6,0
0.1.0.0.0.0.0.1.0,3,0,0,0,0.6666666666666666,1,8,0
0.333333333333333.1.0.0.0.0.0.1.0,1,0,0,0,0,1,10,NA
0.5.1.0.0.0.0.0.1.0,1,0,0,0,0,1,11,NA
0.666666666666667.1.0.0.0.0.0.1.0,3,0,0,0,1,1,12,0
0.0.0.333333333333333.0.0.0.0.1.0,2,0,0,0,0.5,1,3,0
0.666666666666667.0.0.333333333333333.0.0.0.0.1.0,1,0,0,0,0,1,7,NA
0.0.166666666666667.0.333333333333333.0.0.0.0.1.0,1,0,0,0,1,1,4,NA
0.333333333333333.0.166666666666667.0.333333333333333.0.0.0.0.1.0,1,0,0,0,1,1,6,NA
0.5.0.166666666666667.0.333333333333333.0.0.0.0.1.0,1,0,0,0,0,1,7,NA
0.0.0.666666666666667.0.0.0.0.1.0,1,0,0,0,0,0,4,NA
1.1.0.666666666666667.0.0.0.0.1.0,1,0,0,0,1,1,16,NA
0.666666666666667.1.0.1.0.0.0.1.0,1,0,0,0,1,1,13,NA
0.666666666666667.1.0.333333333333333.1.0.0.0.1.0,1,0,0,0,1,1,14,NA
0.666666666666667.0.0.333333333333333.0.1.0.0.1.0,1,0,0,0,0,1,9,NA
0.666666666666667.0.166666666666667.0.1.1.0.0.1.0,1,0,0,0,1,1,10,NA
0.0.166666666666667.0.0.0.1.0.1.0,1,0,0,0,0,1,5,NA
0.1.1.1.0.1.0.1.0,1,0,0,0,1,1,14,NA
0.0.0.0.0.0.1.1.0,1,0,0,0,0,1,3,NA
0.5.0.166666666666667.0.0.0.0.1.1.0,1,0,0,0,0,1,7,NA
0.666666666666667.0.166666666666667.0.0.0.0.1.1.0,1,0,0,0,0,1,8,NA
0.333333333333333.1.0.0.0.0.1.1.0,1,0,0,0,1,1,11,NA
0.666666666666667.1.0.0.0.0.1.1.0,4,0,0,0,0.75,1,13,0
0.1.0.666666666666667.0.0.0.1.1.0,1,0,0,0,1,1,11,NA
0.666666666666667.1.1.0.0.0.1.1.0,1,0,0,0,1,1,16,NA
0.5.0.166666666666667.0.1.0.0.1.1.0,1,0,0,0,1,1,8,NA
0.666666666666667.0.166666666666667.0.333333333333333.1.0.0.1.1.0,1,0,0,0,1,1,10,NA
0.666666666666667.0.166666666666667.1.1.0.0.1.1.0,1,0,0,0,1,1,12,NA
0.666666666666667.1.1.1.0.0.1.1.0,1,0,0,0,1,1,17,NA
0.5.1.0.0.1.0.1.1.0,1,0,0,0,1,1,14,NA
0.666666666666667.1.0.0.1.0.1.1.0,1,0,0,0,1,1,15,NA
1.1.0.0.1.0.1.1.0,1,0,0,0,1,1,17,NA
0.666666666666667.1.0.666666666666667.0.1.0.1.1.0,1,0,0,0,1,1,17,NA
0.666666666666667.1.0.0.0.1.1.1.0,1,0,0,0,1,1,15,NA
0.0.0.0.0.0.0.0.1,161,0.08796177188461532,-0.10958849091379898,0.18936363393900596,0.049689440993788796,0.5590062111801242,0,0
0.333333333333333.0.0.0.0.0.0.0.1,34,0.18665130505147656,0.08863600391305174,0.38287425739764314,0.08823529411764705,0.7352941176470589,2,0
0.5.0.0.0.0.0.0.0.1,18,0.31622776601683794,0,0.5596684602611652,0.33333333333333337,0.8333333333333334,3,0
0.666666666666667.0.0.0.0.0.0.0.1,26,-0.062418778393235924,-0.6974432295869881,0.19781414201873612,0.19230769230769232,0.8461538461538461,4,0
0.0.166666666666667.0.0.0.0.0.0.1,28,0.15480678800427466,0,0.3721042037676254,0.03571428571428572,0.6071428571428571,1,0
0.333333333333333.0.166666666666667.0.0.0.0.0.0.1,16,0.14285714285714285,0,0.3721042037676253,0.125,0.875,3,0
0.5.0.166666666666667.0.0.0.0.0.0.1,10,0.2182178902359924,0,0.6546536707079771,0.10000000000000002,0.7,4,0
0.666666666666667.0.166666666666667.0.0.0.0.0.0.1,17,0,0,0,0.2352941176470588,1,5,0
1.0.166666666666667.0.0.0.0.0.0.1,1,0,0,0,0,1,7,NA
0.0.5.0.0.0.0.0.0.1,28,0.23570226039551584,0.1111111111111111,0.4009199254648921,0.14285714285714288,0.75,3,0
0.333333333333333.0.5.0.0.0.0.0.0.1,20,0.21004201260420147,0,0.42365927286816174,0.2,0.85,5,0
0.5.0.5.0.0.0.0.0.0.1,18,0.25,0,0.49999999999999994,0.33333333333333337,0.8888888888888888,6,0
0.666666666666667.0.5.0.0.0.0.0.0.1,40,0.18641092980036,0.08232789511108948,0.33802831230019004,0.3,0.925,7,0
0.1.0.0.0.0.0.0.1,44,-0.08270396169735617,-0.2445997952351143,0,0.7727272727272727,0.9772727272727273,6,0
0.333333333333333.1.0.0.0.0.0.0.1,11,0.769800358919501,0,1.0000000000000002,0.7272727272727273,0.8181818181818182,8,0
0.5.1.0.0.0.0.0.0.1,12,0,0,0,0.8333333333333334,1,9,0
0.666666666666667.1.0.0.0.0.0.0.1,41,0.436794544018364,0,0.7289914755527471,0.7073170731707317,0.926829268292683,10,0
1.1.0.0.0.0.0.0.1,9,0,0,0,0.8888888888888888,1,12,0
0.0.0.333333333333333.0.0.0.0.0.1,10,0,0,0,0,0.6,1,0
0.333333333333333.0.0.333333333333333.0.0.0.0.0.1,1,0,0,0,0,1,3,NA
0.5.0.0.333333333333333.0.0.0.0.0.1,2,0,0,0,0,1,4,0
0.666666666666667.0.0.333333333333333.0.0.0.0.0.1,2,0,0,0,0,0.5,5,0
1.0.0.333333333333333.0.0.0.0.0.1,1,0,0,0,0,1,7,NA
0.0.166666666666667.0.333333333333333.0.0.0.0.0.1,8,0,0,0,0,0.75,2,0
0.666666666666667.0.166666666666667.0.333333333333333.0.0.0.0.0.1,2,0,0,0,0,1,6,0
0.0.5.0.333333333333333.0.0.0.0.0.1,3,0,0,0,0.6666666666666666,1,4,0
0.333333333333333.0.5.0.333333333333333.0.0.0.0.0.1,3,0,0,0,0.33333333333333337,1,6,0
0.5.0.5.0.333333333333333.0.0.0.0.0.1,5,0,0,0,0,0.8,7,0
0.666666666666667.0.5.0.333333333333333.0.0.0.0.0.1,5,0,0,0,0.39999999999999997,1,8,0
1.0.5.0.333333333333333.0.0.0.0.0.1,1,0,0,0,0,1,10,NA
0.1.0.333333333333333.0.0.0.0.0.1,3,0,0,0,1,1,7,0
0.333333333333333.1.0.333333333333333.0.0.0.0.0.1,2,0,0,0,1,1,9,0
0.5.1.0.333333333333333.0.0.0.0.0.1,5,0,0,0,0.8,1,10,0
0.666666666666667.1.0.333333333333333.0.0.0.0.0.1,12,0,0,0,1,1,11,0
1.1.0.333333333333333.0.0.0.0.0.1,1,0,0,0,1,1,13,NA
0.0.0.666666666666667.0.0.0.0.0.1,1,0,0,0,0,1,2,NA
0.333333333333333.0.0.666666666666667.0.0.0.0.0.1,1,0,0,0,0,1,4,NA
0.666666666666667.0.0.666666666666667.0.0.0.0.0.1,1,0,0,0,0,1,6,NA
0.666666666666667.0.166666666666667.0.666666666666667.0.0.0.0.0.1,1,0,0,0,0,1,7,NA
1.0.166666666666667.0.666666666666667.0.0.0.0.0.1,1,0,0,0,1,1,9,NA
0.0.5.0.666666666666667.0.0.0.0.0.1,2,0,0,0,0.5,1,5,0
0.666666666666667.0.5.0.666666666666667.0.0.0.0.0.1,3,0,0,0,0.6666666666666666,1,9,0
1.0.5.0.666666666666667.0.0.0.0.0.1,1,0,0,0,0,1,11,NA
0.1.0.666666666666667.0.0.0.0.0.1,2,0,0,0,0.5,1,8,0
0.666666666666667.1.0.666666666666667.0.0.0.0.0.1,3,0,0,0,1,1,12,0
0.5.0.1.0.0.0.0.0.1,1,0,0,0,0,0,6,NA
0.666666666666667.0.1.0.0.0.0.0.1,1,0,0,0,0,1,7,NA
1.0.166666666666667.1.0.0.0.0.0.1,1,0,0,0,0,1,10,NA
0.666666666666667.0.5.1.0.0.0.0.0.1,3,0,0,0,0.6666666666666666,1,10,0
0.1.1.0.0.0.0.0.1,1,0,0,0,1,1,9,NA
0.333333333333333.1.1.0.0.0.0.0.1,1,0,0,0,1,1,11,NA
0.5.1.1.0.0.0.0.0.1,1,0,0,0,1,1,12,NA
0.666666666666667.1.1.0.0.0.0.0.1,2,0,0,0,0.5,1,13,0
1.1.1.0.0.0.0.0.1,1,0,0,0,1,1,15,NA
0.0.0.1.0.0.0.0.1,22,0,0,0,0,0.6818181818181819,1,0
0.333333333333333.0.0.1.0.0.0.0.1,6,0,0,0,0,1,3,0
0.5.0.0.1.0.0.0.0.1,5,0.40824829046386296,0,1.0000000000000002,0.39999999999999997,0.8,4,0
0.666666666666667.0.0.1.0.0.0.0.1,4,0,0,0,0.25,1,5,0
1.0.0.1.0.0.0.0.1,1,0,0,0,1,1,7,NA
0.0.166666666666667.0.1.0.0.0.0.1,2,0,0,0,0,1,2,0
0.333333333333333.0.166666666666667.0.1.0.0.0.0.1,2,0,0,0,0,0.5,4,0
0.666666666666667.0.166666666666667.0.1.0.0.0.0.1,5,0,0,0,0.4,1,6,0
0.0.5.0.1.0.0.0.0.1,14,0.38924947208076144,0,0.6454972243679028,0.3571428571428571,0.7857142857142858,4,0
0.333333333333333.0.5.0.1.0.0.0.0.1,3,0,0,0,1,1,6,0
0.5.0.5.0.1.0.0.0.0.1,4,0,0,0,0.5,1,7,0
0.666666666666667.0.5.0.1.0.0.0.0.1,2,0,0,0,1,1,8,0
0.1.0.1.0.0.0.0.1,9,0,0,0,0.7777777777777778,1,7,0
0.333333333333333.1.0.1.0.0.0.0.1,1,0,0,0,1,1,9,NA
0.5.1.0.1.0.0.0.0.1,1,0,0,0,0,1,10,NA
0.666666666666667.1.0.1.0.0.0.0.1,6,0,0,0,1,1,11,0
1.1.0.1.0.0.0.0.1,2,0,0,0,1,1,13,0
0.0.0.333333333333333.1.0.0.0.0.1,3,0,0,0,0,0.6666666666666666,2,0
0.666666666666667.0.0.333333333333333.1.0.0.0.0.1,1,0,0,0,0,1,6,NA
0.5.0.166666666666667.0.333333333333333.1.0.0.0.0.1,1,0,0,0,1,1,6,NA
0.666666666666667.0.5.0.333333333333333.1.0.0.0.0.1,2,0,0,0,0.5,1,9,0
0.1.0.333333333333333.1.0.0.0.0.1,2,0,0,0,1,1,8,0
0.333333333333333.1.0.333333333333333.1.0.0.0.0.1,1,0,0,0,1,1,10,NA
0.666666666666667.1.0.333333333333333.1.0.0.0.0.1,2,0,0,0,1,1,12,0
0.0.166666666666667.0.666666666666667.1.0.0.0.0.1,1,0,0,0,0,1,4,NA
0.666666666666667.0.5.0.666666666666667.1.0.0.0.0.1,1,0,0,0,1,1,10,NA
0.333333333333333.1.0.666666666666667.1.0.0.0.0.1,1,0,0,0,0,1,11,NA
0.666666666666667.1.0.666666666666667.1.0.0.0.0.1,2,0,0,0,1,1,13,0
0.666666666666667.0.166666666666667.1.1.0.0.0.0.1,1,0,0,0,1,1,9,NA
0.333333333333333.1.1.1.0.0.0.0.1,1,0,0,0,1,1,12,NA
1.1.1.1.0.0.0.0.1,1,0,0,0,1,1,16,NA
0.0.0.0.1.0.0.0.1,3,0,0,0,0,1,2,0
0.333333333333333.0.0.0.1.0.0.0.1,1,0,0,0,0,1,4,NA
0.5.0.0.0.1.0.0.0.1,1,0,0,0,0,1,5,NA
0.666666666666667.0.0.0.1.0.0.0.1,6,0,0,0,0.33333333333333337,1,6,0
0.5.0.166666666666667.0.0.1.0.0.0.1,1,0,0,0,0,1,6,NA
0.666666666666667.0.166666666666667.0.0.1.0.0.0.1,2,0,0,0,0.5,1,7,0
0.0.5.0.0.1.0.0.0.1,4,0,0,0,0.25,1,5,0
0.333333333333333.0.5.0.0.1.0.0.0.1,1,0,0,0,0,0,7,NA
0.5.0.5.0.0.1.0.0.0.1,4,0,0,0,0.5,1,8,0
0.666666666666667.0.5.0.0.1.0.0.0.1,10,0.32732683535398854,0,0.6546536707079771,0.3,0.8,9,0
0.1.0.0.1.0.0.0.1,1,0,0,0,0,1,8,NA
0.333333333333333.1.0.0.1.0.0.0.1,3,1,0,1,0.6666666666666666,0.6666666666666666,10,0
0.5.1.0.0.1.0.0.0.1,2,0,0,0,1,1,11,0
0.666666666666667.1.0.0.1.0.0.0.1,15,0,0,0,0.6666666666666666,1,12,0
1.1.0.0.1.0.0.0.1,3,0,0,0,1,1,14,0
0.666666666666667.0.0.333333333333333.0.1.0.0.0.1,1,0,0,0,1,1,7,NA
0.5.0.5.0.333333333333333.0.1.0.0.0.1,1,0,0,0,0,1,9,NA
0.666666666666667.0.5.0.333333333333333.0.1.0.0.0.1,2,0,0,0,0.5,1,10,0
0.1.0.333333333333333.0.1.0.0.0.1,3,0,0,0,1,1,9,0
0.333333333333333.1.0.333333333333333.0.1.0.0.0.1,1,0,0,0,1,1,11,NA
0.5.1.0.333333333333333.0.1.0.0.0.1,1,0,0,0,1,1,12,NA
0.666666666666667.1.0.333333333333333.0.1.0.0.0.1,9,0,0,0,0.7777777777777778,1,13,0
1.1.0.333333333333333.0.1.0.0.0.1,5,0,0,0,0.8,1,15,0
0.0.0.666666666666667.0.1.0.0.0.1,2,0,0,0,0,1,4,0
0.666666666666667.0.166666666666667.0.666666666666667.0.1.0.0.0.1,1,0,0,0,0,1,9,NA
0.333333333333333.0.5.0.666666666666667.0.1.0.0.0.1,1,0,0,0,1,1,9,NA
0.666666666666667.0.5.0.666666666666667.0.1.0.0.0.1,1,0,0,0,0,1,11,NA
0.666666666666667.1.0.666666666666667.0.1.0.0.0.1,2,0,0,0,1,1,14,0
0.333333333333333.0.5.1.0.1.0.0.0.1,1,0,0,0,1,1,10,NA
0.666666666666667.1.1.0.1.0.0.0.1,2,0,0,0,1,1,15,0
0.666666666666667.0.0.1.1.0.0.0.1,2,0,0,0,0,1,7,0
0.666666666666667.0.166666666666667.0.1.1.0.0.0.1,1,0,0,0,1,1,8,NA
0.1.0.1.1.0.0.0.1,1,0,0,0,1,1,9,NA
0.666666666666667.1.0.1.1.0.0.0.1,1,0,0,0,1,1,13,NA
1.1.0.1.1.0.0.0.1,1,0,0,0,0,1,15,NA
0.666666666666667.1.0.666666666666667.1.1.0.0.0.1,1,0,0,0,1,1,15,NA
0.666666666666667.0.5.1.1.1.0.0.0.1,1,0,0,0,1,1,13,NA
0.1.1.1.1.0.0.0.1,1,0,0,0,0,1,12,NA
0.0.0.0.0.1.0.0.1,22,0.21549855796030776,0.06900655593423542,0.37217678472765947,0.13636363636363635,0.7727272727272727,2,0
0.333333333333333.0.0.0.0.1.0.0.1,1,0,0,0,0,1,4,NA
0.666666666666667.0.0.0.0.1.0.0.1,2,0,0,0,0,1,6,0
0.0.166666666666667.0.0.0.1.0.0.1,9,-0.5,-1,0,0.33333333333333337,0.8888888888888888,3,0
0.333333333333333.0.166666666666667.0.0.0.1.0.0.1,2,0,0,0,0,1,5,0
0.5.0.166666666666667.0.0.0.1.0.0.1,2,0,0,0,0.5,1,6,0
0.666666666666667.0.166666666666667.0.0.0.1.0.0.1,1,0,0,0,0,1,7,NA
1.0.166666666666667.0.0.0.1.0.0.1,1,0,0,0,0,1,9,NA
0.0.5.0.0.0.1.0.0.1,13,-0.4330127018922194,-1.0000000000000002,0,0.30769230769230765,0.9230769230769231,5,0
0.333333333333333.0.5.0.0.0.1.0.0.1,1,0,0,0,0,1,7,NA
0.5.0.5.0.0.0.1.0.0.1,5,0,0,0,0.6,1,8,0
0.666666666666667.0.5.0.0.0.1.0.0.1,7,0.47140452079103173,0,1.0000000000000002,0.5714285714285714,0.8571428571428571,9,0
1.0.5.0.0.0.1.0.0.1,1,0,0,0,0,1,11,NA
0.1.0.0.0.1.0.0.1,13,0.3651483716701107,0,1.0000000000000002,0.6153846153846154,0.9230769230769231,8,0
0.333333333333333.1.0.0.0.1.0.0.1,4,0.5773502691896258,0,1.0000000000000002,0.5,0.75,10,0
0.5.1.0.0.0.1.0.0.1,6,0,0,0,0.8333333333333334,1,11,0
0.666666666666667.1.0.0.0.1.0.0.1,15,0.44320263021395917,0,1.0000000000000002,0.7333333333333334,0.9333333333333333,12,0
0.0.0.333333333333333.0.0.1.0.0.1,1,0,0,0,0,0,3,NA
0.333333333333333.0.0.333333333333333.0.0.1.0.0.1,1,0,0,0,0,1,5,NA
0.666666666666667.0.0.333333333333333.0.0.1.0.0.1,2,0,0,0,0.5,1,7,0
0.0.166666666666667.0.333333333333333.0.0.1.0.0.1,1,0,0,0,0,0,4,NA
0.333333333333333.0.166666666666667.0.333333333333333.0.0.1.0.0.1,1,0,0,0,1,1,6,NA
0.666666666666667.0.166666666666667.0.333333333333333.0.0.1.0.0.1,1,0,0,0,0,1,8,NA
0.0.5.0.333333333333333.0.0.1.0.0.1,3,0,0,0,0,0.6666666666666666,6,0
0.5.0.5.0.333333333333333.0.0.1.0.0.1,1,0,0,0,0,0,9,NA
0.1.0.333333333333333.0.0.1.0.0.1,1,0,0,0,0,1,9,NA
0.333333333333333.1.0.333333333333333.0.0.1.0.0.1,2,0,0,0,1,1,11,0
0.666666666666667.1.0.333333333333333.0.0.1.0.0.1,4,0,0,0,1,1,13,0
1.1.0.333333333333333.0.0.1.0.0.1,1,0,0,0,1,1,15,NA
0.5.0.0.666666666666667.0.0.1.0.0.1,1,0,0,0,0,0,7,NA
0.666666666666667.0.0.666666666666667.0.0.1.0.0.1,2,0,0,0,0,1,8,0
0.666666666666667.0.5.0.666666666666667.0.0.1.0.0.1,1,0,0,0,1,1,11,NA
0.1.0.666666666666667.0.0.1.0.0.1,3,0,0,0,1,1,10,0
0.333333333333333.1.0.666666666666667.0.0.1.0.0.1,2,0,0,0,0.5,1,12,0
0.5.1.0.666666666666667.0.0.1.0.0.1,1,0,0,0,1,1,13,NA
0.666666666666667.1.0.666666666666667.0.0.1.0.0.1,1,0,0,0,1,1,14,NA
1.1.0.666666666666667.0.0.1.0.0.1,1,0,0,0,1,1,16,NA
0.666666666666667.0.166666666666667.1.0.0.1.0.0.1,1,0,0,0,0,1,10,NA
0.333333333333333.1.1.0.0.1.0.0.1,1,0,0,0,1,1,13,NA
0.666666666666667.1.1.0.0.1.0.0.1,2,0,0,0,1,1,15,0
0.0.0.1.0.1.0.0.1,4,0,0,0,0,0.75,3,0
0.333333333333333.0.0.1.0.1.0.0.1,2,0,0,0,0.5,1,5,0
0.666666666666667.0.0.1.0.1.0.0.1,1,0,0,0,1,1,7,NA
0.0.166666666666667.0.1.0.1.0.0.1,2,0,0,0,0.5,1,4,0
0.0.5.0.1.0.1.0.0.1,7,0,0,0,0,0.7142857142857143,6,0
0.1.0.1.0.1.0.0.1,5,0,0,0,0.8,1,9,0
0.333333333333333.1.0.1.0.1.0.0.1,1,0,0,0,1,1,11,NA
0.5.1.0.1.0.1.0.0.1,1,0,0,0,1,1,12,NA
0.666666666666667.1.0.1.0.1.0.0.1,3,0,0,0,1,1,13,0
0.666666666666667.0.5.0.333333333333333.1.0.1.0.0.1,3,0,0,0,0.33333333333333337,1,11,0
0.1.0.333333333333333.1.0.1.0.0.1,2,0,0,0,0.5,1,10,0
0.333333333333333.1.0.333333333333333.1.0.1.0.0.1,1,0,0,0,1,1,12,NA
0.666666666666667.1.0.333333333333333.1.0.1.0.0.1,1,0,0,0,1,1,14,NA
0.0.166666666666667.0.666666666666667.1.0.1.0.0.1,1,0,0,0,1,1,6,NA
0.1.0.666666666666667.1.0.1.0.0.1,3,0,0,0,1,1,11,0
0.666666666666667.1.0.666666666666667.1.0.1.0.0.1,2,0,0,0,1,1,15,0
0.0.0.0.1.1.0.0.1,1,0,0,0,0,1,4,NA
0.666666666666667.0.0.0.1.1.0.0.1,1,0,0,0,1,1,8,NA
0.5.0.166666666666667.0.0.1.1.0.0.1,1,0,0,0,0,1,8,NA
0.0.5.0.0.1.1.0.0.1,2,0,0,0,0,0.5,7,0
0.5.0.5.0.0.1.1.0.0.1,1,0,0,0,1,1,10,NA
0.666666666666667.1.0.0.1.1.0.0.1,2,0,0,0,1,1,14,0
1.1.0.0.1.1.0.0.1,1,0,0,0,1,1,16,NA
0.666666666666667.0.5.0.333333333333333.0.1.1.0.0.1,1,0,0,0,1,1,12,NA
0.1.0.666666666666667.0.1.1.0.0.1,1,0,0,0,1,1,12,NA
0.666666666666667.0.5.1.0.1.1.0.0.1,1,0,0,0,1,1,14,NA
0.666666666666667.1.1.0.1.1.0.0.1,1,0,0,0,1,1,17,NA
0.0.0.0.0.0.1.0.1,26,0,0,0,0,0.7692307692307693,1,0
0.333333333333333.0.0.0.0.0.1.0.1,6,0,0,0,0,0.16666666666666669,3,0
0.5.0.0.0.0.0.1.0.1,6,0.31622776601683794,0,0.7071067811865476,0.16666666666666669,0.6666666666666666,4,0
0.666666666666667.0.0.0.0.0.1.0.1,12,0,0,0,0.5,1,5,0
0.0.166666666666667.0.0.0.0.1.0.1,6,0,0,0,0,0.6666666666666666,2,0
0.333333333333333.0.166666666666667.0.0.0.0.1.0.1,1,0,0,0,0,0,4,NA
0.5.0.166666666666667.0.0.0.0.1.0.1,5,0.24999999999999994,0,1.0000000000000002,0.2,0.8,5,0
0.666666666666667.0.166666666666667.0.0.0.0.1.0.1,10,0,0,0,0.3,1,6,0
0.0.5.0.0.0.0.1.0.1,10,0.16666666666666666,0,0.42857142857142855,0.20000000000000004,0.9,4,0
0.333333333333333.0.5.0.0.0.0.1.0.1,2,0,0,0,0,1,6,0
0.5.0.5.0.0.0.0.1.0.1,5,0,0,0,0.4,1,7,0
0.666666666666667.0.5.0.0.0.0.1.0.1,17,0,0,0,0.5882352941176471,1,8,0
1.0.5.0.0.0.0.1.0.1,1,0,0,0,0,1,10,NA
0.1.0.0.0.0.1.0.1,18,0.24253562503633297,0,0.5976143046671968,0.5,0.9444444444444444,7,0
0.333333333333333.1.0.0.0.0.1.0.1,6,0,0,0,0.6666666666666666,1,9,0
0.5.1.0.0.0.0.1.0.1,9,0,0,0,0.7777777777777778,1,10,0
0.666666666666667.1.0.0.0.0.1.0.1,36,0.570087712549569,0.29277002188455997,0.8182296364583831,0.7222222222222222,0.8888888888888888,11,0
1.1.0.0.0.0.1.0.1,14,0,0,0,0.7142857142857143,1,13,0
0.0.0.333333333333333.0.0.0.1.0.1,2,0,0,0,0,1,2,0
0.5.0.0.333333333333333.0.0.0.1.0.1,2,0,0,0,0,0.5,5,0
0.0.166666666666667.0.333333333333333.0.0.0.1.0.1,1,0,0,0,0,1,3,NA
0.666666666666667.0.166666666666667.0.333333333333333.0.0.0.1.0.1,1,0,0,0,0,1,7,NA
0.0.5.0.333333333333333.0.0.0.1.0.1,3,0,0,0,0.6666666666666666,1,5,0
0.666666666666667.0.5.0.333333333333333.0.0.0.1.0.1,5,0,0,0,0.6,1,9,0
0.1.0.333333333333333.0.0.0.1.0.1,1,0,0,0,1,1,8,NA
0.5.1.0.333333333333333.0.0.0.1.0.1,2,0,0,0,0.5,1,11,0
0.666666666666667.1.0.333333333333333.0.0.0.1.0.1,6,0,0,0,1,1,12,0
1.1.0.333333333333333.0.0.0.1.0.1,4,0,0,0,1,1,14,0
0.0.0.666666666666667.0.0.0.1.0.1,1,0,0,0,0,1,3,NA
0.666666666666667.0.166666666666667.0.666666666666667.0.0.0.1.0.1,1,0,0,0,1,1,8,NA
0.5.0.5.0.666666666666667.0.0.0.1.0.1,1,0,0,0,1,1,9,NA
0.666666666666667.0.5.0.666666666666667.0.0.0.1.0.1,1,0,0,0,1,1,10,NA
0.5.1.0.666666666666667.0.0.0.1.0.1,1,0,0,0,1,1,12,NA
0.666666666666667.1.0.666666666666667.0.0.0.1.0.1,2,0,0,0,1,1,13,0
1.1.0.666666666666667.0.0.0.1.0.1,3,0,0,0,1,1,15,0
1.0.1.0.0.0.1.0.1,1,0,0,0,1,1,10,NA
0.5.1.1.0.0.0.1.0.1,1,0,0,0,1,1,13,NA
1.1.1.0.0.0.1.0.1,2,0,0,0,1,1,16,0
0.0.0.1.0.0.1.0.1,5,0,0,0,0,1,2,0
0.333333333333333.0.0.1.0.0.1.0.1,2,0.9999999999999998,0,0.9999999999999998,0.5,0.5,4,0
0.5.0.0.1.0.0.1.0.1,1,0,0,0,0,1,5,NA
0.666666666666667.0.0.1.0.0.1.0.1,4,0,0,0,0.75,1,6,0
1.0.0.1.0.0.1.0.1,1,0,0,0,1,1,8,NA
0.0.166666666666667.0.1.0.0.1.0.1,2,0,0,0,0,1,3,0
0.666666666666667.0.166666666666667.0.1.0.0.1.0.1,1,0,0,0,1,1,7,NA
0.0.5.0.1.0.0.1.0.1,2,0,0,0,0,1,5,0
0.333333333333333.0.5.0.1.0.0.1.0.1,1,0,0,0,1,1,7,NA
0.666666666666667.0.5.0.1.0.0.1.0.1,7,0,0,0,0.7142857142857143,1,9,0
1.0.5.0.1.0.0.1.0.1,1,0,0,0,1,1,11,NA
0.1.0.1.0.0.1.0.1,2,0,0,0,0.5,1,8,0
0.5.1.0.1.0.0.1.0.1,4,0,0,0,1,1,11,0
0.666666666666667.1.0.1.0.0.1.0.1,9,0,0,0,0.8888888888888888,1,12,0
1.1.0.1.0.0.1.0.1,4,0,0,0,1,1,14,0
0.333333333333333.0.0.333333333333333.1.0.0.1.0.1,1,0,0,0,0,1,5,NA
0.666666666666667.0.0.333333333333333.1.0.0.1.0.1,1,0,0,0,0,1,7,NA
0.5.0.166666666666667.0.333333333333333.1.0.0.1.0.1,1,0,0,0,0,1,7,NA
0.666666666666667.0.166666666666667.0.333333333333333.1.0.0.1.0.1,1,0,0,0,0,1,8,NA
1.0.166666666666667.0.333333333333333.1.0.0.1.0.1,1,0,0,0,1,1,10,NA
0.5.0.5.0.333333333333333.1.0.0.1.0.1,1,0,0,0,0,1,9,NA
0.1.0.333333333333333.1.0.0.1.0.1,1,0,0,0,1,1,9,NA
0.666666666666667.1.0.333333333333333.1.0.0.1.0.1,3,0,0,0,1,1,13,0
0.666666666666667.1.0.666666666666667.1.0.0.1.0.1,1,0,0,0,1,1,14,NA
1.1.0.666666666666667.1.0.0.1.0.1,1,0,0,0,1,1,16,NA
0.666666666666667.1.1.1.0.0.1.0.1,1,0,0,0,0,1,15,NA
1.1.1.1.0.0.1.0.1,2,0,0,0,1,1,17,0
0.0.0.0.1.0.1.0.1,1,0,0,0,0,0,3,NA
0.666666666666667.0.0.0.1.0.1.0.1,1,0,0,0,0,1,7,NA
1.0.0.0.1.0.1.0.1,1,0,0,0,0,1,9,NA
0.0.166666666666667.0.0.1.0.1.0.1,1,0,0,0,0,1,4,NA
0.333333333333333.0.166666666666667.0.0.1.0.1.0.1,1,0,0,0,1,1,6,NA
0.666666666666667.0.166666666666667.0.0.1.0.1.0.1,1,0,0,0,0,1,8,NA
0.5.0.5.0.0.1.0.1.0.1,3,0.5,0,1,0.33333333333333337,0.6666666666666666,9,0
0.666666666666667.0.5.0.0.1.0.1.0.1,2,0,0,0,0.5,1,10,0
0.1.0.0.1.0.1.0.1,2,0,0,0,1,1,9,0
0.333333333333333.1.0.0.1.0.1.0.1,2,0,0,0,1,1,11,0
0.5.1.0.0.1.0.1.0.1,2,0,0,0,1,1,12,0
0.666666666666667.1.0.0.1.0.1.0.1,22,0.6900655593423541,0,1,0.9090909090909091,0.9545454545454546,13,0
1.1.0.0.1.0.1.0.1,3,0,0,0,1,1,15,0
0.5.1.0.333333333333333.0.1.0.1.0.1,2,0,0,0,0.5,1,13,0
0.666666666666667.1.0.333333333333333.0.1.0.1.0.1,1,0,0,0,1,1,14,NA
1.1.0.333333333333333.0.1.0.1.0.1,1,0,0,0,1,1,16,NA
0.5.0.0.666666666666667.0.1.0.1.0.1,1,0,0,0,0,1,8,NA
0.666666666666667.0.166666666666667.0.666666666666667.0.1.0.1.0.1,1,0,0,0,1,1,10,NA
0.666666666666667.1.0.666666666666667.0.1.0.1.0.1,3,0,0,0,1,1,15,0
0.666666666666667.0.5.1.0.1.0.1.0.1,1,0,0,0,1,1,13,NA
0.666666666666667.1.1.0.1.0.1.0.1,1,0,0,0,1,1,16,NA
0.0.166666666666667.0.1.1.0.1.0.1,1,0,0,0,1,1,5,NA
0.666666666666667.0.5.0.1.1.0.1.0.1,1,0,0,0,0,1,11,NA
0.666666666666667.1.0.1.1.0.1.0.1,3,0,0,0,1,1,14,0
1.1.0.1.1.0.1.0.1,1,0,0,0,1,1,16,NA
0.666666666666667.0.5.0.666666666666667.1.1.0.1.0.1,1,0,0,0,1,1,13,NA
0.666666666666667.1.1.1.1.0.1.0.1,1,0,0,0,1,1,17,NA
0.0.0.0.0.1.1.0.1,5,0,0,0,0,0.8,3,0
0.333333333333333.0.0.0.0.1.1.0.1,1,0,0,0,0,0,5,NA
0.5.0.0.0.0.1.1.0.1,1,0,0,0,1,1,6,NA
0.666666666666667.0.0.0.0.1.1.0.1,1,0,0,0,0,1,7,NA
0.0.166666666666667.0.0.0.1.1.0.1,2,0,0,0,0.5,1,4,0
0.333333333333333.0.166666666666667.0.0.0.1.1.0.1,1,0,0,0,0,1,6,NA
0.5.0.166666666666667.0.0.0.1.1.0.1,2,0,0,0,1,1,7,0
0.666666666666667.0.166666666666667.0.0.0.1.1.0.1,1,0,0,0,1,1,8,NA
0.0.5.0.0.0.1.1.0.1,3,0,0,0,0,1,6,0
0.5.0.5.0.0.0.1.1.0.1,1,0,0,0,1,1,9,NA
0.666666666666667.0.5.0.0.0.1.1.0.1,2,0,0,0,0.5,1,10,0
0.1.0.0.0.1.1.0.1,7,0,0,0,0.5714285714285714,1,9,0
0.5.1.0.0.0.1.1.0.1,2,0,0,0,1,1,12,0
0.666666666666667.1.0.0.0.1.1.0.1,4,0,0,0,0.75,1,13,0
1.1.0.0.0.1.1.0.1,2,0,0,0,1,1,15,0
0.666666666666667.0.0.333333333333333.0.0.1.1.0.1,1,0,0,0,0,1,8,NA
0.0.5.0.333333333333333.0.0.1.1.0.1,1,0,0,0,0,1,7,NA
0.1.0.333333333333333.0.0.1.1.0.1,3,0,0,0,1,1,10,0
0.333333333333333.1.0.333333333333333.0.0.1.1.0.1,1,0,0,0,1,1,12,NA
0.5.1.0.333333333333333.0.0.1.1.0.1,1,0,0,0,1,1,13,NA
0.666666666666667.1.0.333333333333333.0.0.1.1.0.1,1,0,0,0,1,1,14,NA
1.1.0.333333333333333.0.0.1.1.0.1,1,0,0,0,1,1,16,NA
0.333333333333333.0.0.666666666666667.0.0.1.1.0.1,1,0,0,0,1,1,7,NA
0.666666666666667.1.0.666666666666667.0.0.1.1.0.1,1,0,0,0,1,1,15,NA
0.0.1.0.0.1.1.0.1,1,0,0,0,0,1,6,NA
0.666666666666667.0.1.0.0.1.1.0.1,1,0,0,0,0,1,10,NA
0.666666666666667.1.1.0.0.1.1.0.1,1,0,0,0,1,1,16,NA
0.0.0.1.0.1.1.0.1,1,0,0,0,0,1,4,NA
0.5.0.166666666666667.0.1.0.1.1.0.1,1,0,0,0,1,1,8,NA
0.666666666666667.0.5.0.1.0.1.1.0.1,1,0,0,0,1,1,11,NA
0.1.0.1.0.1.1.0.1,4,0,0,0,0.5,1,10,0
0.333333333333333.1.0.1.0.1.1.0.1,1,0,0,0,1,1,12,NA
0.5.1.0.1.0.1.1.0.1,1,0,0,0,1,1,13,NA
0.666666666666667.1.0.1.0.1.1.0.1,4,0,0,0,1,1,14,0
0.1.0.333333333333333.1.0.1.1.0.1,2,0,0,0,1,1,11,0
0.666666666666667.0.0.666666666666667.1.0.1.1.0.1,1,0,0,0,1,1,10,NA
0.333333333333333.0.5.0.666666666666667.1.0.1.1.0.1,1,0,0,0,1,1,11,NA
0.1.0.666666666666667.1.0.1.1.0.1,1,0,0,0,1,1,12,NA
0.666666666666667.1.0.666666666666667.1.0.1.1.0.1,1,0,0,0,1,1,16,NA
0.666666666666667.0.5.1.1.0.1.1.0.1,1,0,0,0,0,1,14,NA
1.1.0.0.1.1.1.0.1,1,0,0,0,1,1,17,NA
0.0.0.0.0.0.0.1.1,3,0,0,0,0,1,2,0
0.5.0.0.0.0.0.0.1.1,1,0,0,0,0,1,5,NA
0.666666666666667.0.0.0.0.0.0.1.1,1,0,0,0,0,1,6,NA
0.0.166666666666667.0.0.0.0.0.1.1,2,0,0,0,0.5,1,3,0
0.666666666666667.0.166666666666667.0.0.0.0.0.1.1,1,0,0,0,0,1,7,NA
0.0.5.0.0.0.0.0.1.1,2,0,0,0,0,1,5,0
0.5.0.5.0.0.0.0.0.1.1,2,0,0,0,0.5,1,8,0
0.666666666666667.0.5.0.0.0.0.0.1.1,5,0,0,0,0.8,1,9,0
0.1.0.0.0.0.0.1.1,3,0,0,0,0,1,8,0
0.333333333333333.1.0.0.0.0.0.1.1,1,0,0,0,1,1,10,NA
0.5.1.0.0.0.0.0.1.1,2,0.9999999999999998,0,0.9999999999999998,0.5,0.5,11,0
0.666666666666667.1.0.0.0.0.0.1.1,2,0,0,0,1,1,12,0
0.0.166666666666667.0.333333333333333.0.0.0.0.1.1,1,0,0,0,1,1,4,NA
0.1.0.333333333333333.0.0.0.0.1.1,1,0,0,0,1,1,9,NA
0.5.1.0.333333333333333.0.0.0.0.1.1,1,0,0,0,1,1,12,NA
1.1.0.666666666666667.0.0.0.0.1.1,1,0,0,0,1,1,16,NA
0.666666666666667.1.1.0.0.0.0.1.1,1,0,0,0,1,1,15,NA
1.1.1.0.0.0.0.1.1,1,0,0,0,1,1,17,NA
0.0.0.1.0.0.0.1.1,1,0,0,0,0,1,3,NA
0.0.166666666666667.0.1.0.0.0.1.1,1,0,0,0,0,1,4,NA
0.0.5.0.1.0.0.0.1.1,1,0,0,0,0,1,6,NA
0.1.0.1.0.0.0.1.1,1,0,0,0,1,1,9,NA
0.666666666666667.1.0.1.0.0.0.1.1,1,0,0,0,1,1,13,NA
0.666666666666667.0.0.333333333333333.1.0.0.0.1.1,1,0,0,0,0,1,8,NA
0.1.0.666666666666667.1.0.0.0.1.1,1,0,0,0,1,1,11,NA
0.0.0.0.1.0.0.1.1,1,0,0,0,1,1,4,NA
0.5.0.5.0.0.1.0.0.1.1,1,0,0,0,0,1,10,NA
0.666666666666667.1.0.0.1.0.0.1.1,1,0,0,0,1,1,14,NA
0.666666666666667.0.5.0.666666666666667.0.1.0.0.1.1,1,0,0,0,1,1,13,NA
0.666666666666667.1.0.666666666666667.0.1.0.0.1.1,1,0,0,0,1,1,16,NA
0.666666666666667.0.5.0.1.1.0.0.1.1,1,0,0,0,1,1,12,NA
0.666666666666667.1.0.1.1.0.0.1.1,1,0,0,0,1,1,15,NA
0.333333333333333.0.166666666666667.0.0.0.1.0.1.1,1,0,0,0,1,1,7,NA
0.333333333333333.1.0.333333333333333.0.0.1.0.1.1,1,0,0,0,1,1,13,NA
0.1.1.0.0.1.0.1.1,1,0,0,0,1,1,13,NA
0.0.0.0.0.0.1.1.1,1,0,0,0,0,1,3,NA
0.5.0.0.0.0.0.1.1.1,1,0,0,0,0,1,6,NA
0.666666666666667.0.5.0.0.0.0.1.1.1,1,0,0,0,0,1,10,NA
0.1.0.0.0.0.1.1.1,1,0,0,0,1,1,9,NA
0.333333333333333.1.0.0.0.0.1.1.1,1,0,0,0,1,1,11,NA
0.666666666666667.1.0.0.0.0.1.1.1,2,0,0,0,1,1,13,0
1.1.0.0.0.0.1.1.1,1,0,0,0,1,1,15,NA
0.666666666666667.0.166666666666667.0.333333333333333.0.0.0.1.1.1,1,0,0,0,1,1,9,NA
0.1.0.333333333333333.0.0.0.1.1.1,1,0,0,0,0,1,10,NA
0.666666666666667.1.0.333333333333333.0.0.0.1.1.1,4,0,0,0,1,1,14,0
0.666666666666667.1.0.666666666666667.0.0.0.1.1.1,1,0,0,0,1,1,15,NA
0.666666666666667.0.0.1.0.0.1.1.1,2,0,0,0,0,1,8,0
0.666666666666667.0.5.0.1.0.0.1.1.1,1,0,0,0,1,1,11,NA
0.333333333333333.1.0.1.0.0.1.1.1,1,0,0,0,1,1,12,NA
0.666666666666667.1.0.1.0.0.1.1.1,3,0,0,0,1,1,14,0
0.333333333333333.1.0.333333333333333.1.0.0.1.1.1,1,0,0,0,1,1,13,NA
0.666666666666667.1.0.333333333333333.1.0.0.1.1.1,1,0,0,0,1,1,15,NA
0.666666666666667.0.0.666666666666667.1.0.0.1.1.1,1,0,0,0,1,1,10,NA
0.5.1.0.0.1.0.1.1.1,1,0,0,0,1,1,14,NA
1.1.0.0.1.0.1.1.1,1,0,0,0,1,1,17,NA
0.666666666666667.1.0.1.1.0.1.1.1,1,0,0,0,1,1,16,NA
0.1.0.0.0.1.1.1.1,1,0,0,0,1,1,11,NA
0.1.0.666666666666667.0.0.1.1.1.1,1,0,0,0,0,1,13,NA
0.666666666666667.1.1.0.0.1.1.1.1,1,0,0,0,1,1,18,NA
0.666666666666667.1.0.1.0.1.1.1.1,1,0,0,0,1,1,16,NA
0.1.0.333333333333333.1.0.1.1.1.1,1,0,0,0,1,1,13,NA
0.5.0.1.1.0.1.1.1.1,1,0,0,0,0,1,12,NA
